x,y,dx_pix,dy_pix,u_kmh,v_kmh,speed_kmh,corr,corr_margin,height_km,qc_basic,qc_consistency,qc_final,du_error_kmh,dv_error_kmh,vector_error_kmh,u_true_kmh,v_true_kmh
22.0,22.0,3.317788236402715,-0.614981273470284,79.62691767366516,14.759550563286815,80.98327204453318,0.9913739840028719,0.0023925168875184033,6.71839513288509,False,False,False,4.228919499127386,3.564187875549308,5.530569169833473,75.39799817453778,11.195362687737507
38.0,22.0,3.8782302014602212,-0.5953183283451388,93.07752483504531,14.287639880283331,94.16773482869353,0.9863472923351534,0.0028234247116635247,8.443105348847508,False,False,False,-7.110685509370214,-1.8775057617130937,7.354378036138297,100.18821034441552,16.165145641996425
54.0,22.0,3.1476764673916824,-0.06833041372891897,75.54423521740038,1.6399299294940555,75.5620330904057,0.9965921294157638,0.0019899238112781603,7.609326282555742,False,False,False,-12.630572710444767,-0.5151988292078968,12.641075778091407,88.17480792784515,2.1551287587019523
70.0,22.0,2.317201817550546,0.8551836788044134,55.61284362121311,-20.52440829130592,59.279336293060254,0.9941876191889369,0.0024135315765292376,3.7582724482214855,False,False,False,0.24117548079006212,0.4370089985370562,0.49914174072769996,55.37166814042305,-20.961417289842977
102.0,22.0,2.895991731538526,0.6026001165568664,69.50380155692463,-14.462402797364794,70.9925314771743,0.9913435266540468,0.0020499785661224346,3.531385173436416,False,False,False,12.133973800141021,10.686404381678068,16.168876237737024,57.36982775678361,-25.148807179042862
118.0,22.0,2.838043087811351,0.5588976241357955,68.11303410747243,-13.413542979259091,69.42123990957043,0.9941965975445182,0.0013362485879349073,5.008282377180594,False,False,False,9.641059800709854,7.545023065614473,12.242442858413428,58.471974306762576,-20.958566044873564
134.0,22.0,2.5101569599433047,0.498968094131382,60.24376703863931,-11.975234259153169,61.42245275603572,0.984924961632374,4.0406958405347915e-05,3.489207918138881,False,False,False,5.964738233724454,4.1022480726606005,7.239236247457458,54.27902880491486,-16.07748233181377
150.0,22.0,2.9091749953483643,-0.030238942506312514,69.82019988836075,0.7257346201515004,69.82397155124833,0.9937760961050703,0.006964268874217527,3.847686142554592,False,False,False,14.299006448822581,7.944661616558526,16.357849297052717,55.521193439538166,-7.218926996407026
166.0,22.0,3.2680606956486535,-0.3390155991520978,78.43345669556768,8.136374379650347,78.85434494852723,0.9951318349476999,0.001673236162814895,6.256558145248638,False,False,False,11.354647495691296,2.3996581230742997,11.605446086172003,67.07880919987639,5.736716256576047
22.0,38.0,4.748346328725478,-1.0017214752717956,113.96031188941147,24.041315406523093,116.46861179050715,0.9961561781494133,0.0010115910386792049,11.081528965696974,False,False,False,3.410555130309845,-0.9398707745449961,3.53768898713929,110.54975675910163,24.98118618106809
38.0,38.0,4.907947365433536,-0.9138955238622953,117.79073677040486,21.93349257269509,119.81542373731054,0.995199554531888,0.004587244851916528,11.406033949987268,False,False,False,-12.527784790326677,-5.615914777817718,13.728943533442472,130.31852156073154,27.54940735051281
54.0,38.0,3.956340034136404,-0.1609085210982846,94.9521608192737,3.8618045063588307,95.03066020129793,0.9972093743726641,0.001807506253534985,9.844262979857545,False,False,False,-19.27130481892712,-7.725490805835011,20.762138560732247,114.22346563820082,11.587295312193842
70.0,38.0,2.829515098509,0.7530203144143999,67.908362364216,-18.0724875459456,70.27204625658788,0.995291897277084,0.00308112440505115,5.191676402304407,False,False,False,-4.7090134961111545,-2.3331302924220285,5.255312080930523,72.61737586032716,-15.73935725352357
86.0,38.0,2.808400380610022,0.8652801407042442,67.40160913464054,-20.76672337690186,70.52824762995053,0.9865427921152081,0.01299320940917148,3.145232514384196,False,False,False,4.3815032968475975,4.163981613371707,6.0445276090678925,63.02010583779294,-24.93070499027357
102.0,38.0,3.0896303756900227,0.7597944002731614,74.15112901656055,-18.235065606555874,76.36037946544009,0.9918724870695428,0.006816353219767812,4.29207365481317,False,False,False,1.5222410608215142,2.6418173070560833,3.049002546917937,72.62888795573903,-20.876882913611958
118.0,38.0,3.1669241513158397,0.5890507848638548,76.00617963158015,-14.137218836732515,77.30976845538792,0.9931925182753613,0.0027533899850744614,5.1475801629565225,False,False,False,-0.4853127466844853,1.2292039601878422,1.3215410844298083,76.49149237826464,-15.366422796920357
134.0,38.0,2.458796762810962,0.5364199503246088,59.01112230746309,-12.87407880779061,60.399126327585,0.9876548199584976,0.0007355981043001281,3.8614208738055495,False,False,False,-16.766397829290007,-4.052596500612564,17.24922127421403,75.7775201367531,-8.821482307178046
150.0,38.0,2.659878500695676,0.26097215921488043,63.837084016696224,-6.263331821157131,64.14360935632367,0.9644710941488059,0.01590089110114301,2.911209614613548,True,True,True,-5.525110805220322,-2.638127047470249,6.122627191700998,69.36219482191655,-3.6252047736868818
166.0,38.0,2.9553619084118203,-0.054682256763097174,70.92868580188369,1.3123741623143323,70.94082601382823,0.9741159522450519,0.037894670975631484,3.448359037021456,True,True,True,3.248781222826537,-1.6859353589308186,3.66018544178891,67.67990457905715,2.998309521245151
22.0,54.0,5.902267102920439,-1.3003577267482744,141.65441047009057,31.208585441958586,145.0515350174445,0.9938491363572876,0.004212629654087419,11.839174307323539,False,False,False,-3.524632260631023,-9.978218094242262,10.582432088558123,145.1790427307216,41.18680353620085
38.0,54.0,5.191534951746468,-0.7023441269814266,124.59683884191524,16.85625904755424,125.73188027893504,0.990202597950348,0.004738227483892743,11.835953763672821,False,False,False,-15.444273772124589,-14.986868088464014,21.520497379227937,140.04111261403983,31.843127136018254
54.0,54.0,3.786726548073594,-0.29830518366232744,90.88143715376626,7.159324407895859,91.16299438429752,0.9967120936867773,0.000683141371882301,9.838421516264642,False,False,False,-19.896492933448442,-2.4238910094886954,20.043594455003422,110.7779300872147,9.583215417384555
70.0,54.0,2.85039350297888,0.8259126265820087,68.40944407149313,-19.82190303796821,71.22330993584445,0.9954879878982991,0.0031742768371270103,4.612383154620859,False,False,False,-3.2561345468337777,-3.271123341759033,4.615480484639188,71.6655786183269,-16.550779696209176
86.0,54.0,2.6833336144115894,1.0219179681105688,64.40000674587814,-24.52603123465365,68.91216929536,0.9879957799046515,0.006710418952513897,3.18291885924815,False,False,False,-0.054765040332213744,0.07474423767098415,0.09266018944296177,64.45477178621036,-24.600775472324635
102.0,54.0,2.9265620587465957,0.980690596463951,70.2374894099183,-23.536574315134825,74.07614493951645,0.9878574616385447,0.020158284975102747,3.474854807990741,True,True,True,-0.25670100201054424,-1.2825340318846834,1.307971309844218,70.49419041192884,-22.25404028325014
118.0,54.0,2.6817261685965086,0.9230336626409026,64.3614280463162,-22.152807903381664,68.0671750417576,0.9889937857331624,0.006983415444629992,3.032206311162709,False,False,False,0.8938120904915223,-0.20135957747844913,0.9162127114110156,63.467615955824684,-21.951448325903215
134.0,54.0,2.360050582181045,0.7007315704541421,56.64121397234508,-16.817557690899413,59.085170448664265,0.9672931805357732,0.013056288154665863,2.182241686703733,False,False,False,-5.387706945711109,-1.0644433000069249,5.491850842092615,62.02892091805619,-15.753114390892488
150.0,54.0,2.7013217568988757,0.2855357015737483,64.83172216557303,-6.852856837769959,65.19289720355296,0.9743186096958418,0.01047282978976316,2.826006490260756,False,False,False,5.318450607465138,1.838917606423946,5.627391476275866,59.51327155810789,-8.691774444193905
166.0,54.0,3.231167450838625,-0.2204641568421618,77.54801882012701,5.291139764211883,77.72831776727963,0.984277452389837,0.010857750245424125,3.641264526321287,False,False,False,8.978476348636036,2.223566317009955,9.249718088091004,68.56954247149098,3.0675734472019283
22.0,70.0,4.838731277670126,-0.7791156939121231,116.12955066408303,18.698776653890956,117.62532374363066,0.9965882968612104,0.0006515242807463295,9.530486327177195,False,False,False,23.480875000613025,0.22628760865090314,23.48196535378252,92.64867566347,18.472489045240053
38.0,70.0,4.036762689746457,-0.9401817249502953,96.88230455391496,22.564361398807087,99.47528004993757,0.9953290031410027,0.0021940886046587504,10.205211573044359,False,False,False,-16.06426019038925,1.2705917462419833,16.11443014351246,112.94656474430421,21.293769652565103
54.0,70.0,3.5242730721896214,0.16230212465871316,84.58255373255092,-3.895250991809116,84.67219954748461,0.9954391430772629,0.00017088244175644807,7.9557691766854814,False,False,False,2.9734522206812812,-1.937061631753386,3.5487499029778826,81.60910151186964,-1.95818936005573
70.0,70.0,2.6336860319584994,0.8174641411105117,63.20846476700399,-19.619139386652282,66.18323540349532,0.9893129001083509,0.002450397323863429,3.438994363610973,False,False,False,2.847660887343494,-0.07063283489260996,2.8485367343025265,60.360803879660494,-19.548506551759672
86.0,70.0,2.5230911928207402,1.0853928328754345,60.55418862769777,-26.04942798901043,65.91951500817828,0.9825288919488125,0.0010257307785844771,2.8921708345012185,False,False,False,9.917709003168632,2.751191367263086,10.292230361337385,50.63647962452914,-28.800619356273515
102.0,70.0,2.7885923722414425,0.8609908804057823,66.92621693379462,-20.663781129738776,70.04363185648704,0.9817945496813949,0.018537474401514764,3.8682457581693135,True,True,True,-7.123042406276426,-2.5188957446292157,7.55530071498967,74.04925934007105,-18.14488538510956
118.0,70.0,2.744170860998245,0.8866252924175644,65.8601006639579,-21.279007018021545,69.21234715814568,0.9833355539161451,0.013454544754915143,3.411116372066178,False,False,False,1.279122274436304,-2.2689409190024747,2.6046586507415705,64.58097838952159,-19.01006609901907
134.0,70.0,2.3791244222749413,0.6654315992541826,57.09898613459859,-15.970358382100382,59.290358106962096,0.9812243359877337,0.006400957273400509,3.002380249878686,False,False,False,0.011100270159921877,-0.2630448111155683,0.2632789179794848,57.08788586443867,-15.707313570984814
150.0,70.0,2.326833927514785,0.30665083442558466,55.84401426035485,-7.359620026214032,56.32688466124295,0.9706620668958238,0.011233538128570086,2.644646240883666,False,False,False,-0.8568458462459034,0.2683162231498395,0.8978743786489582,56.70086010660075,-7.627936249363872
166.0,70.0,2.5114180147341516,-0.059648559832918085,60.27403235361964,1.431565435990034,60.29103047521006,0.9910959138447982,0.00014624417856012872,3.7387719367254233,False,False,False,-4.259036211791802,-2.1144250321159994,4.755016579339404,64.53306856541144,3.5459904681060337
22.0,86.0,2.7732301349325654,-0.27962337805258464,66.55752323838158,6.710961073262031,66.89499905190628,0.9879011112339127,0.003759055670487732,4.028641675287347,False,False,False,11.346397600105554,1.6148271354387775,11.460733186713252,55.21112563827602,5.096133937823254
38.0,86.0,3.1816602723381773,-0.365180906536899,76.35984653611627,8.764341756885576,76.86117257400329,0.9924514209866115,0.0010816707571684736,5.905442529603684,False,False,False,9.295801218971448,4.885825621372909,10.501581419248009,67.06404531714482,3.878516135512667
54.0,86.0,2.9531577979482617,0.17778110897744395,70.87578715075828,-4.266746615458655,71.004100803546,0.9918998336505149,0.0079521786913066,5.863687970108697,False,False,False,-8.447626637882493,-5.74396237936075,10.215453960963922,79.32341378864078,1.4772157639020946
70.0,86.0,2.7376115100927025,0.5408275011328328,65.70267624222487,-12.97986002718799,66.97251997435973,0.9883968835531511,0.0011392296534357138,4.716162357539594,False,False,False,6.763687909484098,2.720085142379057,7.290153449598483,58.93898833274077,-15.699945169567046
86.0,86.0,2.475597617829472,0.7652263200493497,59.41434282790733,-18.365431681184393,62.18804719966977,0.9914625830838307,0.00045319251231878965,4.263026059948649,False,False,False,4.457065745211885,3.840159203507522,5.883218316994934,54.95727708269545,-22.205590884691915
102.0,86.0,2.5021600109519153,0.6842125872641037,60.05184026284597,-16.42110209433849,62.25653470076098,0.986810919873251,6.935801768503946e-05,4.275501722562389,False,False,False,2.6018211980548926,5.133990256924644,5.755634587501622,57.45001906479108,-21.555092351263134
118.0,86.0,2.667588205819048,0.7147339092250906,64.02211693965715,-17.153613821402175,66.28029816294533,0.9826950412413504,0.006010092797369304,4.33831406703099,False,False,False,-1.0667622173995142,-2.915016907141064,3.104078800125632,65.08887915705667,-14.23859691426111
134.0,86.0,2.4464498841660625,0.4825926587493635,58.7147972199855,-11.582223809984725,59.846264051890444,0.9818933252611406,0.0006065991878035915,4.103119841818836,False,False,False,-3.5095834879676815,-2.860054851400214,4.527371203251761,62.22438070795318,-8.722168958584511
150.0,86.0,1.8316625620273765,0.326647464461864,43.95990148865704,-7.839539147084736,44.65345801761724,0.9920648589399529,0.004737251517495378,3.048911401437953,False,False,False,-5.410321467971933,-1.2342061219320755,5.5493101497584885,49.37022295662897,-6.60533302515266
22.0,102.0,1.692581486062468,0.0368418329651452,40.621955665499236,-0.8842039911634848,40.63157760643531,0.9746871812020566,0.009373831074111716,2.8551206789553922,False,False,False,-0.5101810213361802,-4.68170010574419,4.709416158576006,41.132136686835416,3.7974961145807047
38.0,102.0,1.616367718091528,-0.039251236062149523,38.79282523419667,0.9420296654915886,38.804261486872704,0.9865110008292118,0.0029112009531468974,3.3987230906747308,False,False,False,0.4168880393635561,5.349121391464164,5.365342048554212,38.375937194833114,-4.407091725972576
54.0,102.0,1.9546671341898691,0.03437698171727833,46.91201122055686,-0.8250475612146799,46.91926576829522,0.9919353347103684,0.007216077224672657,4.625723028321961,False,False,False,3.339077527561784,9.361000697528205,9.938700759867542,43.57293369299508,-10.186048258742884
70.0,102.0,1.9457452560245863,0.4963320182365572,46.69788614459007,-11.911968437677373,48.19323150021504,0.982477111096853,0.0001749516453005695,4.7557291220253965,False,False,False,-7.592863287016314,0.5762558354205431,7.614699185337291,54.290749431606386,-12.488224273097916
86.0,102.0,1.848301219729501,0.7811754436555975,44.35922927350803,-18.748210647734343,48.158453299825474,0.985157427743794,0.01207579756480437,4.556442846414469,False,False,False,-6.360366418260121,0.04930574865027282,6.360557525200211,50.71959569176815,-18.797516396384616
102.0,102.0,1.873658784409254,0.7992884325228546,44.9678108258221,-19.18292238054851,48.888531595099806,0.9896449605740778,0.0079242980782116,4.36427480575117,False,False,False,-0.3725197578389938,2.7289684385912203,2.7542766216935117,45.34033058366109,-21.91189081913973
118.0,102.0,2.4588943025181957,0.3769435397708573,59.0134632604367,-9.046644954500577,59.70285278714664,0.9842143680907882,0.0004451144582285904,4.449126137624703,False,False,False,8.748434519440345,6.84682787477772,11.10919252186083,50.26502874099636,-15.893472829278297
134.0,102.0,2.723934244861822,0.059142463278105246,65.37442187668373,-1.419419118674526,65.38982937999673,0.9914468935768812,0.00860343312979972,6.567254189913374,False,False,False,-13.493833168089793,-6.092155648624448,14.805333296326259,78.86825504477352,4.672736529949923
150.0,102.0,2.002957974186727,-0.13124979242533588,48.07099138048145,3.1499950182080614,48.174087234913515,0.996706049712433,0.003895334552124874,5.418754475372715,False,False,False,-2.040532118278726,3.9660013261993594,4.4601499801175,50.11152349876018,-0.816006307991298
166.0,102.0,1.4137300438314746,-0.09639474891897326,33.92952105195539,2.3134739740553583,34.00830134899001,0.9630395690907925,0.006415234844534434,2.2028869370989694,False,False,False,2.569030656695645,4.669277790029901,5.329359585870386,31.360490395259745,-2.355803815974543
22.0,118.0,1.0141487913707583,0.11841283765019864,24.3395709928982,-2.8419081036047675,24.50492109327565,0.972746866295212,0.030839022795858706,2.3545533853220295,True,True,True,-0.36205416957752234,-3.666108677244475,3.6839430037767555,24.70162516247572,0.8242005736397076
38.0,118.0,1.126316364119634,0.3490758181745864,27.03159273887122,-8.377819636190074,28.30008600440513,0.9664973779420557,0.010261778477718808,2.398844679995111,False,False,False,-2.8522795996847705,-4.7940807757507695,5.578414595492255,29.88387233855599,-3.583738860439304
70.0,118.0,1.3262345357833327,0.7277566893285923,31.829628858799985,-17.466160543886215,36.30691445763135,0.9693721495921505,0.012675002121940948,2.9390315775415745,False,False,False,1.437135236178925,1.5668891454084353,2.126146580333969,30.39249362262106,-19.03304968929465
86.0,118.0,1.2290519886617681,0.9449841144830489,29.497247727882435,-22.679618747593175,37.20823470760532,0.9790933826404499,0.01736220249753284,3.0778154641574798,True,True,True,0.11748472814812416,1.4391294003592066,1.4439169270862808,29.37976299973431,-24.11874814795238
102.0,118.0,1.0759906823629914,1.0705836878940445,25.823776376711795,-25.694008509457067,36.428690611089365,0.9803745507596624,0.03663096795690057,2.5830213399271527,True,True,True,9.250054306429838,5.09105032363296,10.558517797004676,16.573722070281956,-30.785058833090027
118.0,118.0,1.5537435805163664,0.7604836163996133,37.289845932392794,-18.25160679359072,41.51690932872338,0.956283433599827,0.002046560445366441,2.776853713502756,False,False,False,7.405432923900463,2.504341850088906,7.817426999498984,29.88441300849233,-20.755948643679627
134.0,118.0,2.6629510693683733,0.1855296352268713,63.910825664840964,-4.452711245444911,64.06574962175192,0.9931257825988475,0.002312656362950416,5.814004812576016,False,False,False,16.294246045135573,0.9362305006675928,16.321120725299366,47.61657961970539,-5.388941746112504
150.0,118.0,1.855597750806517,0.035654740857700075,44.534346019356406,-0.8557137805848019,44.542566399412244,0.9922194370024302,0.007610740029805885,5.372457438826369,False,False,False,-8.753119339961387,-6.443411376612961,10.86897641675017,53.28746535931779,5.587697596028159
166.0,118.0,1.2448459565702548,-0.08744660272745144,29.876302957686114,2.098718465458835,29.949926504362274,0.9936621680084687,0.004339884082059875,4.021211122521205,False,False,False,-2.9576644061942616,-1.1349592829640427,3.1679506488666624,32.833967363880376,3.2336777484228776
38.0,134.0,0.8774519077114072,0.2144933027997451,21.058845785073775,-5.147839267193882,21.6789122171843,0.9745388178034616,0.02986031226494601,2.7347425441520996,True,True,True,-4.497988095812573,-2.520534365416877,5.156063459396042,25.556833880886348,-2.6273049017770056
54.0,134.0,0.9186290686971995,0.39455797406540377,22.04709764873279,-9.469391377569691,23.994663735804888,0.9682417046995596,0.00969737741313803,2.3140349566447793,False,False,False,4.450759522131499,5.229583742930545,6.867154173904039,17.596338126601292,-14.698975120500236
70.0,134.0,1.1926905902255172,0.8058951904257363,28.62457416541241,-19.341484570217673,34.546479871778025,0.9842387458496397,0.01034696279876568,2.953887667379012,False,False,False,11.931514968239814,3.217581405874121,12.357745730543156,16.693059197172598,-22.559065976091794
86.0,134.0,1.2836571201972655,1.0168771881844694,30.807770884734374,-24.405052516427265,39.302993972671594,0.9833490940599343,0.009755031552094007,3.3382221992453536,False,False,False,8.895101206465437,0.25902704250425757,8.89887186569238,21.912669678268937,-24.664079558931522
102.0,134.0,0.9114884167322327,1.1848627261846443,21.875722001573585,-28.436705428431463,35.87747801495409,0.9700215175188694,0.032005905665349665,2.6686924711922027,True,True,True,5.579828697173458,-0.5446591022500762,5.606348350527668,16.295893304400128,-27.892046326181386
118.0,134.0,0.8843291463601864,0.9698624329404021,21.223899512644476,-23.276698390569653,31.500136483646834,0.9795168193940743,0.037497749130382174,2.596299035072428,True,True,True,10.94131012731647,3.8281483301190455,11.591677486003102,10.282589385328006,-27.1048467206887
134.0,134.0,0.8699132950326292,0.6531691911487592,20.8779190807831,-15.67606058757022,26.10797542301776,0.9922412859877243,0.003288107531160711,3.2499235381019314,False,False,False,1.1133328153421225,0.007512585207919642,1.1133581618931632,19.76458626544098,-15.68357317277814
150.0,134.0,1.322982913001722,-0.15040279128356812,31.751589912041332,3.609666990805635,31.956112994651846,0.9909524058858145,0.004234668837332589,4.400871611019646,False,False,False,5.912173289820071,8.123409917580219,10.047068313587927,25.83941662222126,-4.513742926774583
166.0,134.0,1.5191884240316855,-0.15634885307832513,36.460522176760456,3.752372473879803,36.65310323267011,0.9821353285008804,0.0007171115279089868,4.913448714341949,False,False,False,-8.447985385935617,-8.28197250369836,11.830449088390408,44.90850756269607,12.034344977578161
22.0,150.0,0.838446380815831,-0.14794811001750438,20.122713139579947,3.5507546404201054,20.433586141798223,0.9759816735889255,0.024679859171972574,2.5699796246881834,True,True,True,8.157925736441108,5.435982968925639,9.803145574749863,11.964787403138839,-1.8852283285055336
38.0,150.0,0.8372356988338825,0.22266418947484953,20.09365677201318,-5.3439405473963895,20.792131758085276,0.9772075091681304,0.021549404339809453,2.585191182930295,True,True,True,4.9580477865432115,1.9112133687203539,5.31365922829282,15.135608985469968,-7.255153916116743
54.0,150.0,0.8086182656301037,0.6432308425586902,19.40683837512249,-15.437540221408566,24.79804475771697,0.9640663438555692,0.013764885575702546,2.2601063488620956,False,False,False,2.671566169185784,-0.682966031015102,2.7574822566715684,16.735272205936706,-14.754574190393464
70.0,150.0,1.1508245544820062,0.8234715191217805,27.619789307568148,-19.763316458922734,33.96235325842398,0.9893586949665334,0.006089696408084322,3.472327863517123,False,False,False,6.125109005651577,0.14310696621471664,6.1267805522062915,21.49468030191657,-19.90642342513745
86.0,150.0,1.6707384028067902,0.7221917224055028,40.09772166736297,-17.33260133773207,43.68347916599662,0.9813570274800228,0.009068019030989971,4.237518623491369,False,False,False,4.366169494104575,0.36623239664944407,4.381502278854251,35.73155217325839,-17.698833734381513
102.0,150.0,1.0996599114265548,0.8553921588727885,26.391837874237318,-20.529411812946925,33.436295485080166,0.9857333093607822,0.022548619222622746,3.383471516226946,True,True,True,0.3019410746430502,2.3223308190213423,2.3418772054770374,26.089896799594268,-22.851742631968268
118.0,150.0,0.8501736140420042,0.8632270598034558,20.4041667370081,-20.71744943528294,29.078217471762834,0.9847838375151926,0.024769509531416545,3.23031801048732,True,True,True,-11.979630001360928,-4.5389604277776066,12.810686817436366,32.38379673836903,-16.178489007505334
134.0,150.0,0.771242221352348,0.7462694152616685,18.50981331245635,-17.910465966280043,25.756513350825692,0.9754647014764746,0.021882907829667064,2.6986431661992842,True,True,True,6.181505190266908,0.9733729915416021,6.257672202821059,12.328308122189444,-18.883838957821645
150.0,150.0,1.1923119889543916,0.19555936185031542,28.6154877349054,-4.69342468440757,28.99783394625757,0.9827093180889652,0.01459541866334746,2.951388222140056,False,False,False,6.4361644249646055,1.2145825865113116,6.5497651381279685,22.179323309940795,-5.908007270918882
166.0,150.0,1.464142260337543,-0.3074591990373631,35.13941424810103,7.379020776896714,35.90582656513452,0.9853319626785043,0.00113345869911341,4.497072953057519,False,False,False,-0.5534311822500939,-0.6040486817236994,0.8192440926725537,35.69284543035113,7.983069458620413
22.0,166.0,0.9255621443860522,0.04972385246698304,22.213491465265253,-1.1933724592075932,22.245524064490084,0.9724142420160081,0.04316735835513308,2.0810897925105403,True,True,True,1.3945110855459681,-1.1338536217766502,1.7972994194976588,20.818980379719285,-0.059518837430942995
38.0,166.0,0.9776214398880313,0.17488131843781052,23.462914557312754,-4.197151642507452,23.835361155937235,0.9784908094555237,0.02137464101124631,2.4153591628213618,True,True,True,6.879075874583354,4.7742752204708365,8.37349322380311,16.5838386827294,-8.971426862978289
70.0,166.0,1.509814999729599,0.8482677331604905,36.23555999351038,-20.358425595851774,41.562979931486176,0.9868160639865015,0.00014534926851139662,3.2622463095623977,False,False,False,10.308009834394028,-0.16316582208512287,10.309301132058405,25.92755015911635,-20.19525977376665
86.0,166.0,1.5707587020209148,0.9254185306874725,37.698208848501956,-22.21004473649934,43.754325929930324,0.9841010983026663,0.002610183882670203,3.9923539001587423,False,False,False,4.307120039117073,-0.9829544173231355,4.4178594837204725,33.39108880938488,-21.227090319176206
102.0,166.0,1.0573557872574637,0.9287727513381449,25.37653889417913,-22.29054603211548,33.77628115494134,0.9879641912255508,0.02281084059217431,3.0763883413524695,True,True,True,6.711958048408707,6.521339205928072,9.358324950672156,18.664580845770423,-28.81188523804355
118.0,166.0,0.9125310730461007,0.9013082937387097,21.900745753106417,-21.631399049729033,30.782463991546013,0.986282794098863,0.0223816303373765,2.8349539989173813,True,True,True,1.616121605237371,2.742555303131475,3.1833093839037376,20.284624147869046,-24.37395435286051
134.0,166.0,0.8782507924029928,0.8162364176998826,21.078019017671828,-19.589674024797183,28.77565314822843,0.9875427063745792,0.015697572664769677,2.483855708909332,True,True,True,-0.022581056856836312,-2.4923745029782367,2.492476793718406,21.100600074528664,-17.097299521818947
150.0,166.0,1.1738253688410278,0.3461024147041157,28.171808852184668,-8.306457952898777,29.37087090515543,0.971966584405115,0.007592018522241117,2.5051065569754356,False,False,False,7.266731858203386,0.6198760103341883,7.29312266229054,20.905076993981282,-8.926333963232965
166.0,166.0,1.5322607072228391,-0.11446416074371212,36.774256973348145,2.747139857849091,36.87672373381925,0.9807648904462846,0.0010131830623717475,3.6073365938699355,False,False,False,2.4130524691747652,-2.1901533122659087,3.258771816224598,34.36120450417338,4.937293170115
